﻿{
//  Задействовать модуль фар
//  Значения: true/false
    "enabled": true,
//  Отображение фар в начале боя
//  Значения: true/false
    "enableAtStartup": true,
//  Кнопка переключения
    "hotKey" : ["KEY_F12", ["KEY_LCONTROL", "KEY_RCONTROL"]],
//  Включить сообщение о наличии модификации и ее авторе в системном канале при старте клиента
//  Появится только если PYmodsGUI не установлен
    "enableMessage" : true,
//  Расширенный вывод в лог
    "Debug" : false,
//  Присоединение модели, прописанной в DebugPath, к каждому источнику света
    "DebugModel" : false,
    "DebugPath" : "Axes/Axes.model"
}