﻿{
    "background": true,
    "backgroundImage": "../maps/icons/quests/inBattleHint.png",
    "downColor": 21,
    "enabled": true,
    "font": "$IMELanguageBar",
    "fontColor": "#FFFFFF",
    "fontSize": 20,
    "height": 28,
    "shadow": true,
    "shadowAlpha": 90,
    "shadowAngle": 0,
    "shadowColor": "#000000",
    "shadowDistance": 0,
    "shadowSize": 3,
    "shadowStrength": 5,
    "showBattleMarkOfGun": true,
    "showCurrentMarkOfGun": true,
    "upColor": 18,
    "version": 111
    "width": 146,
    "x": 1.0,
    "y": 441.0
}