﻿{
    "background": true,
    "backgroundData": {
        "alpha": 1.0
    },
    "backgroundImage": "../maps/icons/quests/inBattleHint.png",
    "downColor": 21,
    "enabled": true,
    "font": "$IMELanguageBar",
    "fontColor": "#FFFFFF",
    "fontSize": 20,
    "panel": {
        "drag": true,
        "height": 28,
        "width": 152,
        "alignY": "top",
        "alignX": "left",
        "y": 441,
        "x": 1,
        "border": true
    },
    "shadow": true,
    "shadowText": {
        "distance": 4,
        "strength": 1,
        "blurX": 4,
        "blurY": 4,
        "color": 0,
        "alpha": 1,
        "angle": 45,
        "quality": 1
    },
    "showBattleMarkOfGun": true,
    "showCurrentMarkOfGun": true,
    "showInBattle": true,
    "showInStatistic": true,
    "upColor": 18,
    "version": 212
}