﻿{
    "background": true,
    "backgroundData": {
        "alpha": 1.0
    },
    "backgroundImage": "../maps/icons/quests/inBattleHint.png",
    "battleMessage": "{status}{c_battleMarkOfGun} {currentMarkOfGun}",
    "battleMessage{battleMarkOfGun}": "%.2f%%",
    "battleMessage{c_battleMarkOfGun}": "%.2f%%",
    "battleMessage{c_currentMarkOfGun}": "(%.2f%%)",
    "battleMessage{c_status}Down": "V",
    "battleMessage{c_status}Unknown": "~",
    "battleMessage{c_status}Up": "Δ",
    "battleMessage{currentMarkOfGun}": "(%.2f%%)",
    "battleMessage{status}Down": "<img src=\"img://gui/maps/icons/messenger/status/24x24/chat_icon_user_is_busy.png\" vspace=\"-5\"/>",
    "battleMessage{status}Unknown": "<img src=\"img://gui/maps/icons/messenger/status/24x24/chat_icon_user_is_busy_violet.png\" vspace=\"-5\"/>",
    "battleMessage{status}Up": "<img src=\"img://gui/maps/icons/messenger/status/24x24/chat_icon_user_is_online.png\" vspace=\"-5\"/>",
    "downColor": 21,
    "enabled": true,
    "font": "$IMELanguageBar",
    "fontColor": "#FFFFFF",
    "fontSize": 20,
    "panel": {
        "drag": true,
        "height": 28,
        "width": 160,
        "alignY": "top",
        "alignX": "left",
        "y": 441,
        "x": 1,
        "border": true
    },
    "shadow": true,
    "shadowText": {
        "distance": 4,
        "strength": 1,
        "blurX": 4,
        "blurY": 4,
        "color": 0,
        "alpha": 1,
        "angle": 45,
        "quality": 1
    },
    "showBattleMarkOfGun": true,
    "showCurrentMarkOfGun": true,
    "showInBattle": true,
    "showInReplay": true,
    "showInStatistic": true,
    "showInTechTree": true,
    "showInTechTreeMarkOfGunPercent": true,
    "showInTechTreeMarkOfGunPercentFirst": false,
    "showInTechTreeMarkOfGunTankNameColored": true,
    "showInTechTreeMastery": true,
    "techTreeMarkOfGunPercentSize": 8,
    "techTreeMarkOfGunTankNameColoredOnlyMarkOfGun": true,
    "techTreeMasterySize": 16,
    "upColor": 18,
    "version": 304
}