﻿{
    "background": true,
    "backgroundData": {
        "alpha": 1.0
    },
    "backgroundImage": "../maps/icons/quests/inBattleHint.png",
    "battleMessage": "{c_battleMarkOfGun}{status}<font size=\"12\">{c_damageCurrent}</font>\n<font size=\"14\">{currentMarkOfGun}</font><font size=\"10\">{damageCurrentPercent} ~ <font color=\"#D042F3\">{damageNextPercent}</font></font>",
    "battleMessage{battleMarkOfGun}": "%.2f%%",
    "battleMessage{c_battleMarkOfGun}": "%s",
    "battleMessage{c_currentMarkOfGun}": "%s",
    "battleMessage{c_damageCurrentPercent}": "%s",
    "battleMessage{c_damageCurrent}": "%s",
    "battleMessage{c_damageNextPercent}": "%s",
    "battleMessage{c_nextMarkOfGun}": "%s",
    "battleMessage{c_status}Down": "V",
    "battleMessage{c_status}Unknown": "~",
    "battleMessage{c_status}Up": "Δ",
    "battleMessage{currentMarkOfGun}": "%.2f%%",
    "battleMessage{damageCurrentPercent}": "[%.0f]",
    "battleMessage{damageCurrent}": "[%.0f]",
    "battleMessage{damageNextPercent}": "[%.0f]",
    "battleMessage{nextMarkOfGun}": "%.2f%%",
    "battleMessage{status}Down": "<img src=\"img://gui/maps/icons/messenger/status/24x24/chat_icon_user_is_busy.png\" vspace=\"-5\"/>",
    "battleMessage{status}Unknown": "<img src=\"img://gui/maps/icons/messenger/status/24x24/chat_icon_user_is_busy_violet.png\" vspace=\"-5\"/>",
    "battleMessage{status}Up": "<img src=\"img://gui/maps/icons/messenger/status/24x24/chat_icon_user_is_online.png\" vspace=\"-5\"/>",
    "downColor": 21,
    "enabled": true,
    "font": "$IMELanguageBar",
    "fontColor": "#FFFFFF",
    "fontSize": 20,
    "panel": {
        "drag": true,
        "height": 46,
        "width": 124,
        "alignY": "top",
        "alignX": "left",
        "y": 441,
        "x": 1,
        "border": true
    },
    "shadow": true,
    "shadowText": {
        "distance": 4,
        "strength": 1,
        "blurX": 4,
        "blurY": 4,
        "color": 0,
        "alpha": 1,
        "angle": 45,
        "quality": 1
    },
    "showInBattle": true,
    "showInReplay": true,
    "showInStatistic": true,
    "showInTechTree": true,
    "showInTechTreeMarkOfGunPercent": true,
    "showInTechTreeMarkOfGunPercentFirst": false,
    "showInTechTreeMarkOfGunTankNameColored": false,
    "showInTechTreeMastery": false,
    "techTreeMarkOfGunPercentSize": 12,
    "techTreeMarkOfGunTankNameColoredOnlyMarkOfGun": true,
    "techTreeMasterySize": 16,
    "unknownColor": 16,
    "upColor": 18,
    "version": 401
}