﻿{
    "enabled": true,
    "font": "$IMELanguageBar",
    "fontColor": "#FFFFFF",
    "fontSize": 10,
    "panelConditions": {
        "width": 163,
        "drag": true,
        "alignX": "left",
        "y": -300,
        "x": 650,
        "border": true,
        "alignY": "bottom",
        "height": 50
    },
    "panelSuccess": {
        "width": 163,
        "drag": true,
        "alignX": "left",
        "y": -900,
        "x": 1260,
        "border": true,
        "alignY": "bottom",
        "height": 50
    },
    "shadowText": {
        "distance": 0,
        "blurX": 1,
        "strength": 1,
        "angle": 0,
        "blurY": 1,
        "color": 0,
        "alpha": 1,
        "quality": 1
    },
    "version": 100
}