﻿{
#avaliable keys in DEBUG mode: 
#ALT+KEY_NUMPADMINUS for quick reload config, 
#ALT+KEY_NUMPAD6 for move flash +10 in X coordinate, 
#ALT+KEY_NUMPAD4 for move flash -10 in X coordinate, 
#ALT+KEY_NUMPAD8 for move flash +10 in Y coordinate, 
#ALT+KEY_NUMPAD2 for move flash -10 in Y coordinate
    "config": {
        "enable": true,            #Activate mod
        "debug": false,            #Activate dubug message and DEBUG mode in battle: 
        "language": "Русский",     #select avaliable language in "language" section,
        "activate_message": true,  #show message in battle on map, when mod started
        "only_HeavyTank": false    #Activate mod only for Heavy Tanks
    },
# You may add custom\new language in this section
# avaliable macroses: 
# {NumDmg} - number of blocked shots
# {AvgDmg} - sum blocked damage
    "language": {
        "Deutsch": {
            "activate_message": "Armoring Extended: Aktiviert",
            "activate_message_only_HeavyTank": "Armoring Extended: Aktiviert, nur schwere Panzer",
            "main_text": "<font color=\"#fdf498\">{NumDmg}</font> Blocked <img align=\"top\" src=\"img://gui/maps/icons/library/ClanBattleResultIcon-1.png\" height=\"16\" width=\"16\" vspace=\"-3\" /><font color=\"#fdf498\">{AvgDmg}</font> Schaden"
        },
        "English": {
            "activate_message": "Armoring Extended: Activated",
            "activate_message_only_HeavyTank": "Armoring Extended: Activated, only Heavy Tanks",
            "main_text": "<font color=\"#fdf498\">{NumDmg}</font> Blocked <img align=\"top\" src=\"img://gui/maps/icons/library/ClanBattleResultIcon-1.png\" height=\"16\" width=\"16\" vspace=\"-3\" /><font color=\"#fdf498\">{AvgDmg}</font> damage"
        },
        "Русский": {
            "activate_message": "Броняня: Активирована",
            "activate_message_only_HeavyTank": "Броняня: Активирована, режим ТТ",
            "main_text": "Танканул <font color=\"#fdf498\">{NumDmg}</font> раз(а) на <img align=\"top\" src=\"img://gui/maps/icons/library/ClanBattleResultIcon-1.png\" height=\"16\" width=\"16\" vspace=\"-3\" /><font color=\"#fdf498\">{AvgDmg}</font> урона"
        }
    },
# Flash config section
    "flash": {
        "background": {
            "alpha": 80,
            "enable": false,
            "height": 27,
            "image": "img://../res_mods/configs/spoter_mods/armoring_extended/background.png",
            "width": 250,
            "x": 18,
            "y": 448
        },
        "shadow": {
            "alpha": 60,
            "angle": 0,
            "color": "#000000",
            "distance": 0,
            "enable": true,
            "size": 40,
            "strength": 500
        },
        "text": {
            "alignX": "left",                    #avaliable: "left", "center", right
            "alignY": "top",                     #avaliable: "top", "center", bottom
            "default_font": "$IMELanguageBar",
            "default_font_color": "#BDFA64",
            "default_font_size": 14,
            "x": 20,
            "y": 450
        }
    }
}