{
//  Задействовать данный конфиг
    "enable" : true,
//  Информация о конфиге
    "meta" : {
        "en" : {
            "name" : "<b>Visibility points markers</b>",
            "desc" : "{attachTo}"
        },
        "ru" : {
            "name" : "<b>Маркеры габаритных точек</b>",
            "desc" : "{attachTo}"
        }
    },
    "spotLights" : {
//      Отображение данного источника
        "visible" : true,
//      Тип источника: omniLight, spotLight, model
        "type" : "omniLight",
//      Место расположения: leftFront, rightFront, leftRear, rightRear, wheels_left, wheels_right, turret, hull
        "place" : "spot",
//      Режим работы: constant, stop, turn_left, turn_right, back, target
        "mode" : "spot",
//      Яркость
        "bright" : 100,
//      Вращения осей координат в радианах Y X Z:
//      вращение вектора без смещения координат
        "preRotate" : [0.0, 0.0, 0.0],
//      вращение системы координат
        "postRotate" : [0.0, 0.0, 0.0],
//      Сдвиги по осям координат (вправо/вверх/вперед)
        "vect" : [0.0, 0.0, 0.0],
//      Внутренний радиус
        "innerRadius" : 0.5,
//      Внешний радиус
        "outerRadius" : 0.5,
//      Отбрасывание теней
        "cs" : true,
//      Время анимации цвета источника
        "dur" : 14.0,
//      Кадры анимации цвета источника
        "colour" : [
                    [0.0, [255, 106, 0, 0]],
                    [2.0, [255, 216, 0, 0]],
                    [4.0, [0, 255, 0, 0]],
                    [6.0, [0, 255, 255, 0]],
                    [8.0, [0, 0, 255, 0]],
                    [10.0, [255, 0, 255, 0]],
                    [12.0, [255, 0, 0, 0]],
                    [14.0, [255, 106, 0, 0]]
                   ]
    },
    "spotSphere" : {
//      Отображение данного источника
        "visible" : true,
//      Тип источника: omniLight, spotLight, model
        "type" : "model",
//      Место расположения: leftFront, rightFront, leftRear, rightRear, wheels_left, wheels_right, turret, hull
        "place" : "spot",
//      Режим работы: constant, stop, turn_left, turn_right, back, target
        "mode" : "spot",
//      Вращения осей координат в радианах Y X Z:
//      вращение вектора без смещения координат
        "preRotate" : [0.0, 0.0, 0.0],
//      вращение системы координат
        "postRotate" : [0.0, 0.0, 0.0],
//      Сдвиги по осям координат (вправо/вверх/вперед)
        "vect" : [0.0, 0.0, 0.0],
//      Путь к присоединяемой модели
        "path" : "objects/misc/SpotSphere/sphere.model"
    }
}