﻿{
    "config": {
        "enable": true,                               // Включить\Выключить мод
        "debug": false,                               // Включить режим отладочных сообщений в лог файл.
        "language": "Русский",                        // Выбер языка мода
        "primary_indication": true,                   // Основной индикатор, показывает ОДНУ БЛИЖАЙШУЮ цель, зелёным цель вне видимости, Красным\Фиолетовым = Цель в прямой видимости
        "secondary_indication": true,                 // Вторичный индикатор, показывает ВСЕХ противников в прямой видимости
        "max_distance_primary_indication": 150,       // Максимальная дальность обнаружения ближайшей цели для primary_indication (Основной индикатор)
        "max_distance_secondary_indication": 707,     // Максимальная дальность обнаружения целей для secondary_indication (Вторичный индикатор)
        "red_to_purple_indication": true,             // Если включено, то индикатор цели в прямой видимости Фиолетовый, если выключено то индикатор Красный
        "distance_indicator": true,                   // Указывать в активированных индикаторах дальность до цели
        "tank_name_indicator": true,                  // указывать название цели в индикаторе
        "strategic_fear_mode": false                  // Режим для артиллерии, рассчет видимости цели от точки прицеливания артиллерии. (не рекомендуется к использованию)
    },
// Добавление других языков не поддерживается, секции заглушки, не удалять!!!
    "language": {
        "English": {},
        "Русский": {}
    }
}