﻿{
    "UI": 1,
    "background": true,
    "backgroundData": {
        "alpha": 1.0
    },
    "backgroundImage": "../maps/icons/quests/inBattleHint.png",
    "battleMessage": "<font size=\"14\">{currentMarkOfGun}</font> <font size=\"10\">{damageCurrentPercent}</font><font size=\"14\"> ~ {c_nextMarkOfGun}</font> <font size=\"10\">{c_damageNextPercent}</font>\n<font size=\"20\">{c_battleMarkOfGun}{status}</font><font size=\"14\">{c_damageCurrent}</font>",
    "battleMessageAlt": "<font size=\"14\">{currentMarkOfGun}</font> <font size=\"10\">{damageCurrentPercent}</font><font size=\"14\"> ~ {c_nextMarkOfGun}</font> <font size=\"10\">{c_damageNextPercent}</font>\n<font size=\"20\">{c_battleMarkOfGun}{status}</font><font size=\"14\">{c_damageCurrent}</font>\n{c_damageToMark65}{c_damageToMark85}\n{c_damageToMark95}{c_damageToMark100}",
    "battleMessageSizeInPercent": 100,
    "battleMessage{battleMarkOfGun}": "%.2f%%",
    "battleMessage{c_battleMarkOfGun}": "%s",
    "battleMessage{c_currentMarkOfGun}": "%s",
    "battleMessage{c_damageCurrentPercent}": "%s",
    "battleMessage{c_damageCurrent}": "%s",
    "battleMessage{c_damageNextPercent}": "%s",
    "battleMessage{c_damageToMark100}": "%s",
    "battleMessage{c_damageToMark65}": "%s",
    "battleMessage{c_damageToMark85}": "%s",
    "battleMessage{c_damageToMark95}": "%s",
    "battleMessage{c_damageToMarkInfoLevel}": "%s",
    "battleMessage{c_damageToMarkInfo}": "%s",
    "battleMessage{c_nextMarkOfGun}": "%s",
    "battleMessage{c_status}Down": "V",
    "battleMessage{c_status}Unknown": "~",
    "battleMessage{c_status}Up": "Δ",
    "battleMessage{currentMarkOfGun}": "%.2f%%",
    "battleMessage{damageCurrentPercent}": "[<b>%.0f</b>]",
    "battleMessage{damageCurrent}": "[<b>%.0f</b>]",
    "battleMessage{damageNextPercent}": "[<b>%.0f</b>]",
    "battleMessage{damageToMark100}": "<b>100%%:%.0f</b>",
    "battleMessage{damageToMark65}": "<b>65%%:%.0f</b>, ",
    "battleMessage{damageToMark85}": "<b>85%%:%.0f</b>",
    "battleMessage{damageToMark95}": "<b>95%%:%.0f</b>, ",
    "battleMessage{damageToMarkInfoLevel}": "%s%%",
    "battleMessage{damageToMarkInfo}": "%s",
    "battleMessage{nextMarkOfGun}": "%.1f%%",
    "battleMessage{status}Down": "<img src=\"img://gui/maps/icons/messenger/status/24x24/chat_icon_user_is_busy.png\" vspace=\"-5\"/>",
    "battleMessage{status}Unknown": "<img src=\"img://gui/maps/icons/messenger/status/24x24/chat_icon_user_is_busy_violet.png\" vspace=\"-5\"/>",
    "battleMessage{status}Up": "<img src=\"img://gui/maps/icons/messenger/status/24x24/chat_icon_user_is_online.png\" vspace=\"-5\"/>",
    "buttonReset": [
        211,
        [ 29, 157 ],
        [ 42, 54 ]
    ],
    "buttonShow": [
        73,
        [ 56, 184 ]
    ],
    "buttonSizeDown": [
        209,
        [ 56, 184 ]
    ],
    "buttonSizeUp": [
        201,
        [ 56, 184 ]
    ],
    "downColor": 21,
    "enabled": true,
    "font": "$IMELanguageBar",
    "panel": {
        "width": 163,
        "drag": true,
        "alignX": "left",
        "y": -228,
        "x": 230,
        "border": true,
        "alignY": "bottom",
        "height": 50
    },
    "panelSize": {
        "heightNormal": 50,
        "heightAlt": 80,
        "widthAlt": 163,
        "widthNormal": 163
    },
    "shadow": true,
    "shadowText": {
        "distance": 0,
        "blurX": 1,
        "strength": 1,
        "angle": 0,
        "blurY": 1,
        "color": 0,
        "alpha": 1,
        "quality": 1
    },
    "showInBattle": false,
    "showInBattleHalfPercents": false,
    "showInReplay": true,
    "showInStatistic": true,
    "showInTechTree": true,
    "showInTechTreeMarkOfGunPercent": true,
    "showInTechTreeMarkOfGunPercentFirst": false,
    "showInTechTreeMarkOfGunTankNameColored": false,
    "showInTechTreeMastery": false,
    "techTreeMarkOfGunPercentSize": 12,
    "techTreeMarkOfGunTankNameColoredOnlyMarkOfGun": true,
    "techTreeMasterySize": 16,
    "unknownColor": 16,
    "upColor": 18,
    "version": 602
}