﻿{
    "button_chassis_repair": [[ 56, 184 ]],
    "button_fast_repair_all": [ 57 ],
    "chassis_auto_repair": false,
    "enabled": true,
    "repair_priority": {
        "heavyTank": {
            "device": [ "turretRotator", "ammoBay", "engine", "gun" ],
            "crew": [ "commander", "loader", "gunner", "driver" ]
        },
        "AT-SPG": {
            "device": [ "ammoBay", "gun", "engine", "turretRotator" ],
            "crew": [ "loader", "gunner", "commander", "driver" ]
        },
        "mediumTank": {
            "device": [ "turretRotator", "engine", "ammoBay", "gun" ],
            "crew": [ "loader", "driver", "commander", "gunner" ]
        },
        "lightTank": {
            "device": [ "engine", "chassis", "ammoBay", "gun", "turretRotator" ],
            "crew": [ "driver", "commander", "gunner", "loader" ]
        },
        "SPG": {
            "device": [ "ammoBay", "engine", "gun", "turretRotator" ],
            "crew": [ "commander", "loader", "gunner", "driver" ]
        }
    },
    "use_gold_med_kit": true,
    "use_gold_repair_kit": true,
    "version": 209
}