﻿{
    "barracksBattleOrExp": true,
    "barracksEnable": true,
    "barracksSkillIcons": true,
    "battleIcon": "<img align=\"top\" src=\"img://gui/maps//icons/library/BattleResultIcon-1.png\" height=\"14\" width=\"14\" vspace=\"-3\"/>",
    "currentColorBattle": "#28F09C",
    "currentColorExp": "#00FFFF",
    "currentCrewBattleIcon": true,
    "currentCrewExpIcon": true,
    "currentCrewRankBattle": true,
    "currentCrewRankExp": false,
    "currentCrewRankOnTop": true,
    "currentCrewRoleBattle": false,
    "currentCrewRoleExp": true,
    "currentCrewShowNewSkillPercent": true,
    "currentCrewShowSkillResetStatus": true,
    "enabled": true,
    "expIcon": "<img align=\"top\" src=\"img://gui/maps//icons/library/XpIcon-1.png\" height=\"16\" width=\"16\" vspace=\"-3\"/>",
    "personalFileSkillBattle": true,
    "personalFileSkillXP": true,
    "personalFileTotalXP": true,
    "premiumSkillIcon": "<img align=\"top\" src=\"img://gui/maps//icons/library/referralCoin-1.png\" height=\"16\" width=\"16\" vspace=\"-3\"/>",
    "version": 604
}