{
//  Задействовать данный конфиг
    "enable" : false,
//  Информация о конфиге
    "meta" : {
        "en" : {
            "name" : "<b>Hardpoint markers</b>",
            "desc" : "{attachTo} • Co-author: Algiz"
        },
        "ru" : {
            "name" : "<b>Маркера точек крепления</b>",
            "desc" : "{attachTo} • Соавтор: Algiz"
        }
    },
    "FrontLeftDebug" : {
//      Отображение данного источника
        "visible" : true,
//      Тип источника: omniLight, spotLight, model
        "type" : "model",
//      Место расположения: leftFront, rightFront, leftRear, rightRear, wheels_left, wheels_right, turret, hull
        "place" : "leftFront",
//      Режим работы: constant, stop, turn_left, turn_right, back, target
        "mode" : "constant",
//      Вращения осей координат в радианах Y X Z:
//      вращение вектора без смещения координат
        "preRotate" : [0.0, 0.0, 0.0],
//      вращение системы координат
        "postRotate" : [0.0, 0.0, 0.0],
//      Сдвиги по осям координат (вправо/вверх/вперед)
        "vect" : [0.0, 0.0, 0.0],
//      Путь к присоединяемой модели
        "path" : "Axes/Axes.model"
    },
    "FrontRightDebug" : {
//      Отображение данного источника
        "visible" : true,
//      Тип источника: omniLight, spotLight, model
        "type" : "model",
//      Место расположения: leftFront, rightFront, leftRear, rightRear, wheels_left, wheels_right, turret, hull
        "place" : "rightFront",
//      Режим работы: constant, stop, turn_left, turn_right, back, target
        "mode" : "constant",
//      Вращения осей координат в радианах Y X Z:
//      вращение вектора без смещения координат
        "preRotate" : [0.0, 0.0, 0.0],
//      вращение системы координат
        "postRotate" : [0.0, 0.0, 0.0],
//      Сдвиги по осям координат (вправо/вверх/вперед)
        "vect" : [0.0, 0.0, 0.0],
//      Путь к присоединяемой модели
        "path" : "Axes/Axes.model"
    },
    "RearLeftDebug" : {
//      Отображение данного источника
        "visible" : true,
//      Тип источника: omniLight, spotLight, model
        "type" : "model",
//      Место расположения: leftFront, rightFront, leftRear, rightRear, wheels_left, wheels_right, turret, hull
        "place" : "leftRear",
//      Режим работы: constant, stop, turn_left, turn_right, back, target
        "mode" : "constant",
//      Вращения осей координат в радианах Y X Z:
//      вращение вектора без смещения координат
        "preRotate" : [0.0, 0.0, 0.0],
//      вращение системы координат
        "postRotate" : [0.0, 0.0, 0.0],
//      Сдвиги по осям координат (вправо/вверх/вперед)
        "vect" : [0.0, 0.0, 0.0],
//      Путь к присоединяемой модели
        "path" : "Axes/Axes.model"
    },
    "RearRightDebug" : {
//      Отображение данного источника
        "visible" : true,
//      Тип источника: omniLight, spotLight, model
        "type" : "model",
//      Место расположения: leftFront, rightFront, leftRear, rightRear, wheels_left, wheels_right, turret, hull
        "place" : "rightRear",
//      Режим работы: constant, stop, turn_left, turn_right, back, target
        "mode" : "constant",
//      Вращения осей координат в радианах Y X Z:
//      вращение вектора без смещения координат
        "preRotate" : [0.0, 0.0, 0.0],
//      вращение системы координат
        "postRotate" : [0.0, 0.0, 0.0],
//      Сдвиги по осям координат (вправо/вверх/вперед)
        "vect" : [0.0, 0.0, 0.0],
//      Путь к присоединяемой модели
        "path" : "Axes/Axes.model"
    },
    "WheelsLeftDebug" : {
//      Отображение данного источника
        "visible" : true,
//      Тип источника: omniLight, spotLight, model
        "type" : "model",
//      Место расположения: leftFront, rightFront, leftRear, rightRear, wheels_left, wheels_right, turret, hull
        "place" : "wheels_left",
//      Режим работы: constant, stop, turn_left, turn_right, back, target
        "mode" : "constant",
//      Вращения осей координат в радианах Y X Z:
//      вращение вектора без смещения координат
        "preRotate" : [0.0, 0.0, 0.0],
//      вращение системы координат
        "postRotate" : [0.0, 0.0, 0.0],
//      Сдвиги по осям координат (вправо/вверх/вперед)
        "vect" : [0.0, 0.0, 0.0],
//      Путь к присоединяемой модели
        "path" : "Axes/Axes.model"
    },
    "WheelsRightDebug" : {
//      Отображение данного источника
        "visible" : true,
//      Тип источника: omniLight, spotLight, model
        "type" : "model",
//      Место расположения: leftFront, rightFront, leftRear, rightRear, wheels_left, wheels_right, turret, hull
        "place" : "wheels_right",
//      Режим работы: constant, stop, turn_left, turn_right, back, target
        "mode" : "constant",
//      Вращения осей координат в радианах Y X Z:
//      вращение вектора без смещения координат
        "preRotate" : [0.0, 0.0, 0.0],
//      вращение системы координат
        "postRotate" : [0.0, 0.0, 0.0],
//      Сдвиги по осям координат (вправо/вверх/вперед)
        "vect" : [0.0, 0.0, 0.0],
//      Путь к присоединяемой модели
        "path" : "Axes/Axes.model"
    },
    "hullDebug" : {
//      Отображение данного источника
        "visible" : true,
//      Тип источника: omniLight, spotLight, model
        "type" : "model",
//      Место расположения: leftFront, rightFront, leftRear, rightRear, wheels_left, wheels_right, turret, hull
        "place" : "hull",
//      Режим работы: constant, stop, turn_left, turn_right, back, target
        "mode" : "constant",
//      Вращения осей координат в радианах Y X Z:
//      вращение вектора без смещения координат
        "preRotate" : [0.0, 0.0, 0.0],
//      вращение системы координат
        "postRotate" : [0.0, 0.0, 0.0],
//      Сдвиги по осям координат (вправо/вверх/вперед)
        "vect" : [0.0, 0.0, 0.0],
//      Путь к присоединяемой модели
        "path" : "Axes/Axes.model"
    },
    "TurretDebug" : {
//      Отображение данного источника
        "visible" : true,
//      Тип источника: omniLight, spotLight, model
        "type" : "model",
//      Место расположения: leftFront, rightFront, leftRear, rightRear, wheels_left, wheels_right, turret, hull
        "place" : "turret",
//      Режим работы: constant, stop, turn_left, turn_right, back, target
        "mode" : "constant",
//      Вращения осей координат в радианах Y X Z:
//      вращение вектора без смещения координат
        "preRotate" : [0.0, 0.0, 0.0],
//      вращение системы координат
        "postRotate" : [0.0, 0.0, 0.0],
//      Сдвиги по осям координат (вправо/вверх/вперед)
        "vect" : [0.0, 0.0, 0.0],
//      Путь к присоединяемой модели
        "path" : "Axes/Axes.model"
    }
}