﻿{
    "color_list": [ "purple", "red", "green" ],
    "distance_indicator": true,
    "enabled": true,
    "max_distance_primary_indication": 150,
    "max_distance_secondary_indication": 300,
    "max_distance_tertiary_indication": 565,
    "primary_indication": true,
    "primary_indication_color": 2,
    "secondary_indication": false,
    "secondary_indication_color": 1,
    "tank_name_indicator": true,
    "tertiary_indication": true,
    "tertiary_indication_color": 0,
    "version": 205
}