﻿{
    "enabled": true,
    "iconSizeX": 47,
    "iconSizeY": 16,
    "macros_AssistRadio": "{vehicles}{damage}",
    "macros_AssistStun": "{vehicles}{damage}",
    "macros_AssistTrack": "{vehicles}{damage}",
    "macros_Spotted": "{vehicles}",
    "messageColorAssistRadio": "#28F09C",
    "messageColorAssistStun": "#00FFFF",
    "messageColorAssistTrack": "#00FF00",
    "messageColorSpotted": "#FF69B5",
    "sound": true,
    "soundAssist": "gun_intuition",
    "soundSpotted": "enemy_sighted_for_team",
    "version": 411
}