﻿{
    "AssistRadio": "{vehicles}{damage}",
    "AssistStun": "{vehicles}{damage}",
    "AssistTrack": "{vehicles}{damage}",
    "Spotted": "{vehicles}",
    "enabled": true,
    "iconSizeX": 47,
    "iconSizeY": 16,
    "messageColorAssistRadio": "#28F09C",
    "messageColorAssistStun": "#00FFFF",
    "messageColorAssistTrack": "#00FF00",
    "messageColorSpotted": "#FF69B5",
    "sound": true,
    "soundAssist": "gun_intuition",
    "soundSpotted": "enemy_sighted_for_team",
    "version": 417
}