﻿{
    "background": false,
    "backgroundImage": "../maps/icons/boosters/activeBoosterBg.png",
    "downColor": 10,
    "enabled": true,
    "font": "$IMELanguageBar",
    "fontColor": "#FFFFFF",
    "fontSize": 20,
    "height": 70,
    "shadow": true,
    "shadowAlpha": 100,
    "shadowAngle": 90,
    "shadowColor": "#000000",
    "shadowDistance": 0,
    "shadowSize": 3,
    "shadowStrength": 200,
    "showBattleMarkOfGun": true,
    "showCurrentMarkOfGun": true,
    "upColor": 6,
    "version": 105
    "width": 300,
    "x": 0.0,
    "y": 450.0
}