{
    "config": {
        "enable": true,                                      #Включить мод (для рабоы нужно активировать опцию Серверный прицел в настройках игры)
        "debug": false,                                     #отладочные сообщения в лог
        "activate_message": true,                #сообщение при старте боя, о старте мода
        "fix_accuracy_in_move": true,           #увеличенная точность при движении танка(не работает в круиз режиме)
        "fix_gun_for_serverCross": true,       #орудие танка автоматически доворачивает в соответствии с текущими СЕРВЕРНЫМИ координатами
        "language": "Русский"                        #язык мода
    },
    "language": {
        "Deutsch": {
            "activate_message": "\"Muzzle chaos\": Aktiviert"
        },
        "English": {
            "activate_message": "\"Muzzle chaos\": Activated"
        },
        "Русский": {
            "activate_message": "\"Стволик Хаоса\": Активирован"
        }
    }
}